INSERT INTO `versions` (`version_id`, `person_id`, `comment`) VALUES
    (1, 1, 'first version'),
    (2, 1, NULL),
    (3, 1, NULL),
    (4, 1, 'last version')
;


INSERT INTO `block_types` (`block_type_id`, `name`) VALUES
    (1, 'Dialogue'),
    (2, 'Action'),
    (3, 'Cue')
;


INSERT INTO `text_types` (`text_type_id`, `name`) VALUES
    (1, 'Dialogue'),
    (2, 'Song'),
    (3, 'Parenthetical'),
    (4, 'Action'),
    (5, 'Comment')
;


INSERT INTO `characters` (`version_start`, `version_end`, `name`) VALUES
    (1, NULL, 'Sira Lars'),
    (1, NULL, 'Unge Marit'),
    (1, NULL, 'Unge Jon'),
    (1, NULL, 'Marit'),
    (1, NULL, 'Jon'),
    (1, NULL, 'Sigrunn'),
    (1, NULL, 'Bøndene'),
    (1, NULL, 'Jente 1'),
    (1, NULL, 'Jente 2')
;

INSERT INTO `character_groups` (`version_start`, `version_end`, `name`) VALUES
    (1, NULL, 'Sira Lars'),
    (1, NULL, 'Unge Marit'),
    (1, NULL, 'Unge Jon'),
    (1, NULL, 'Marit'),
    (1, NULL, 'Jon'),
    (1, NULL, 'Sigrunn'),
    (1, NULL, 'Bøndene'),
    (1, NULL, 'Jente 1'),
    (1, NULL, 'Jente 2'),
    (1, NULL, 'Jente 1 + 2')
;

INSERT INTO `character_group_characters` (`version_start`, `version_end`, `character_group_id`, `character_id`) VALUES
    (1, NULL, (SELECT `character_group_id` FROM `character_groups` WHERE `name` = 'Sira Lars'  ), (SELECT `character_id` FROM `characters` WHERE `name` = 'Sira Lars' )),
    (1, NULL, (SELECT `character_group_id` FROM `character_groups` WHERE `name` = 'Unge Marit' ), (SELECT `character_id` FROM `characters` WHERE `name` = 'Unge Marit')),
    (1, NULL, (SELECT `character_group_id` FROM `character_groups` WHERE `name` = 'Unge Jon'   ), (SELECT `character_id` FROM `characters` WHERE `name` = 'Unge Jon'  )),
    (1, NULL, (SELECT `character_group_id` FROM `character_groups` WHERE `name` = 'Marit'      ), (SELECT `character_id` FROM `characters` WHERE `name` = 'Marit'     )),
    (1, NULL, (SELECT `character_group_id` FROM `character_groups` WHERE `name` = 'Jon'        ), (SELECT `character_id` FROM `characters` WHERE `name` = 'Jon'       )),
    (1, NULL, (SELECT `character_group_id` FROM `character_groups` WHERE `name` = 'Sigrunn'    ), (SELECT `character_id` FROM `characters` WHERE `name` = 'Sigrunn'   )),
    (1, NULL, (SELECT `character_group_id` FROM `character_groups` WHERE `name` = 'Bøndene'    ), (SELECT `character_id` FROM `characters` WHERE `name` = 'Bøndene'   )),
    (1, NULL, (SELECT `character_group_id` FROM `character_groups` WHERE `name` = 'Jente 1'    ), (SELECT `character_id` FROM `characters` WHERE `name` = 'Jente 1'   )),
    (1, NULL, (SELECT `character_group_id` FROM `character_groups` WHERE `name` = 'Jente 2'    ), (SELECT `character_id` FROM `characters` WHERE `name` = 'Jente 2'   )),
    (1, NULL, (SELECT `character_group_id` FROM `character_groups` WHERE `name` = 'Jente 1 + 2'), (SELECT `character_id` FROM `characters` WHERE `name` = 'Jente 1'   )),
    (1, NULL, (SELECT `character_group_id` FROM `character_groups` WHERE `name` = 'Jente 1 + 2'), (SELECT `character_id` FROM `characters` WHERE `name` = 'Jente 2'   ))
;

INSERT INTO `scenes` (`version_start`, `version_end`, `id`, `name`) VALUES
    (1, NULL, '1',  'Prolog'),
    (1, NULL, '2',  'Unge Marit og Jon'),
    (1, NULL, '3A', 'Markedsdag'),
    (1, NULL, '3B', 'Tordis'' handleliste')
;

INSERT INTO `texts` (`text_type_id`, `version_start`, `version_end`, `text`) VALUES
    (5, 1, NULL, 'Nicklas trigger åpningslåta'),
    (5, 1, NULL, 'Skuespillet starter etter ca 2:40'),
    (4, 1, NULL, 'Barnedåp i Margaretakirken. Bøndene i dalen er samlet.'),
    (1, 1, NULL, '"Marit" skal barnet hete, etter "St. Margaretha", hun som kirken vår er vigslet til og som hele dalen vår er oppkalt etter.'),
    (1, 1, NULL, 'Den hellige Margaretha viste oss at den største kjærligheten er å glemme seg selv og be for alle som lider, enda om en selv har det vondt.'),
    (4, 1, NULL, 'Sira Lars døper barnet'),
    (1, 1, NULL, 'Jeg døper deg i Faderens, Sønnens og Den Hellige Ånds navn. Gud velsigne deg og være med deg alltid, Marit Ogmundsdatter. Amen.'),
    (1, 1, NULL, 'Amen.'),
    (1, 1, NULL, 'Gå med fred.'),
    (4, 1, NULL, 'Musikk mens vi ser bøndene gratulere Marit og Ogmund på vei ut av kirken.'),
    (4, 1, NULL, 'Vi ser unge Jon og unge Marit komme løpende. De leker og ler. Vi skjønner at det har gått litt tid.'),
    (5, 1, NULL, 'Musikken fader langsomt ut'),
    (1, 1, NULL, 'Marit, vent!'),
    (1, 1, NULL, 'Du klarer ikke å ta meg, Jon!'),
    (1, 1, NULL, 'Jo! Jeg er mye raskere enn deg!'),
    (1, 1, NULL, 'Nei, det er du ikke!'),
    (1, 1, NULL, 'Det er jeg vel! Tok deg, ha ha!'),
    (1, 1, NULL, 'Vent, Jon! Jeg må si deg noe.'),
    (1, 1, NULL, 'Hva er det?'),
    (4, 1, NULL, 'Jon kommer nærmere.'),
    (1, 1, NULL, 'Jo, jeg tenkte bare at... TOK DEG!'),
    (1, 1, NULL, 'Det er er ikke lov, det er juks!'),
    (1, 1, NULL, 'Jeg juksa ikke. Jeg lurte deg bare!'),
    (4, 1, NULL, 'Sigrunn får øye på Jon og Marit.'),
    (1, 1, NULL, 'Marit, nå er det leggetid.'),
    (1, 1, NULL, 'Hei, Jon!'),
    (1, 1, NULL, 'Hei, Sigrunn.'),
    (1, 1, NULL, 'Du får komme deg hjem før det blir mørkt.'),
    (1, 1, NULL, 'Jada, jeg tar snarveien gjennom skogen!'),
    (1, 1, NULL, 'Vær forsiktig, da. Og hils hjem til Brekke.'),
    (1, 1, NULL, 'Hvorfor det?'),
    (1, 1, NULL, 'Fordi jeg sier det.'),
    (1, 1, NULL, 'Ja, vel. Hadet, Marit!'),
    (1, 1, NULL, 'Hadet, Jon!'),
    (1, 1, NULL, 'Du, kom hit. Alltid leker dere så sent. Nå må du i seng, vesle Marit-jenta mi.'),
    (1, 1, NULL, 'Men vi må jo si natta til pappa først? Det gjør vi jo alltid.'),
    (1, 1, NULL, 'Selvfølgelig.'),
    (4, 1, NULL, 'De setter seg på trappen og ser opp mot himmelen.'),
    (1, 1, NULL, 'Natta, pappa. Sov godt i himmelen.'),
    (1, 1, NULL, 'God natt, Ogmund. Min elskede.'),
    (4, 1, NULL, 'Marit legger hodet sitt i fanget på Sigrunn.'),
    (2, 1, NULL, 'Min lille fugl med hjerte av gull.'),
    (2, 1, NULL, 'Hvil dine vinger i kveld'),
    (2, 1, NULL, 'se, solen bukker ærbødig for månen,'),
    (2, 1, NULL, 'og kysser dagen farvel.'),
    (2, 1, NULL, 'Et stille vindpust bres over åker’n'),
    (2, 1, NULL, 'og hvisker god natt over landet.'),
    (2, 1, NULL, 'Mens en tretopp kiler himmelen'),
    (2, 1, NULL, 'som speiles i Maridalsvannet.'),
    (2, 1, NULL, 'Vær ikke redd for mørket i natten'),
    (2, 1, NULL, 'for stjernene bærer deg frem,'),
    (2, 1, NULL, 'gjennom porten til drømmelandet,'),
    (2, 1, NULL, 'der er du fri, lille venn.'),
    (4, 1, NULL, 'Sigrunn bærer Marit ut. En litt eldre Marit kommer inn med to venninner og leker.'),
    (1, 1, NULL, 'Marit og Jon er kjærester!'),
    (1, 1, NULL, 'Det er vi ikke!'),
    (5, 1, NULL, 'Musikken fortsetter, men dempet'),
    (1, 1, NULL, 'Det er dere vel!'),
    (1, 1, NULL, 'Kjærestepar, kjærestepar, kjærestepar.'),
    (1, 1, NULL, 'Samma det, vel.'),
    (1, 1, NULL, 'Hadet, Marit!'),
    (4, 1, NULL, 'Jentene løper ut, Marit igjen alene.'),
    (2, 1, NULL, 'Om litt vil du myse mot solstrålene'),
    (2, 1, NULL, 'og spre vingene dine på ny'),
    (2, 1, NULL, 'mot dagen som venter på andre siden'),
    (2, 1, NULL, 'fly, lille fuglen min, fly...'),
    (2, 1, NULL, 'Min lille fugl med hjerte av gull.'),
    (2, 1, NULL, 'Hvil dine vinger i kveld'),
    (2, 1, NULL, 'se, solen bukker ærbødig for månen,'),
    (2, 1, NULL, 'og kysser dagen farvel.')
;

INSERT INTO `blocks` (`version_start`, `version_end`, `scene_id`, `order`, `block_type_id`, `character_group_id`) VALUES
-- Scene 1
    (1, NULL, 1,  1, 3, NULL),
    (1, NULL, 1,  2, 2, NULL),
    (1, NULL, 1,  3, 1, (SELECT `character_group_id` FROM `character_groups` WHERE `name` = 'Sira Lars')),
    (1, NULL, 1,  4, 2, NULL),
    (1, NULL, 1,  5, 1, (SELECT `character_group_id` FROM `character_groups` WHERE `name` = 'Sira Lars')),
    (1, NULL, 1,  6, 1, (SELECT `character_group_id` FROM `character_groups` WHERE `name` = 'Bøndene')),
    (1, NULL, 1,  7, 1, (SELECT `character_group_id` FROM `character_groups` WHERE `name` = 'Sira Lars')),
-- Scene 2
    (1, NULL, 1,  8, 2, NULL),
    (1, NULL, 2,  1, 3, NULL),
    (1, NULL, 2,  3, 1, (SELECT `character_group_id` FROM `character_groups` WHERE `name` = 'Jon')),
    (1, NULL, 2,  4, 1, (SELECT `character_group_id` FROM `character_groups` WHERE `name` = 'Marit')),
    (1, NULL, 2,  5, 1, (SELECT `character_group_id` FROM `character_groups` WHERE `name` = 'Jon')),
    (1, NULL, 2,  6, 1, (SELECT `character_group_id` FROM `character_groups` WHERE `name` = 'Marit')),
    (1, NULL, 2,  7, 1, (SELECT `character_group_id` FROM `character_groups` WHERE `name` = 'Jon')),
    (1, NULL, 2,  8, 1, (SELECT `character_group_id` FROM `character_groups` WHERE `name` = 'Marit')),
    (1, NULL, 2,  9, 1, (SELECT `character_group_id` FROM `character_groups` WHERE `name` = 'Jon')),
    (1, NULL, 2, 10, 2, NULL),
    (1, NULL, 2, 11, 1, (SELECT `character_group_id` FROM `character_groups` WHERE `name` = 'Marit')),
    (1, NULL, 2, 12, 1, (SELECT `character_group_id` FROM `character_groups` WHERE `name` = 'Jon')),
    (1, NULL, 2, 13, 1, (SELECT `character_group_id` FROM `character_groups` WHERE `name` = 'Marit')),
    (1, NULL, 2, 14, 2, NULL),
    (1, NULL, 2, 15, 1, (SELECT `character_group_id` FROM `character_groups` WHERE `name` = 'Sigrunn')),
    (1, NULL, 2, 16, 1, (SELECT `character_group_id` FROM `character_groups` WHERE `name` = 'Jon')),
    (1, NULL, 2, 17, 1, (SELECT `character_group_id` FROM `character_groups` WHERE `name` = 'Sigrunn')),
    (1, NULL, 2, 18, 1, (SELECT `character_group_id` FROM `character_groups` WHERE `name` = 'Jon')),
    (1, NULL, 2, 19, 1, (SELECT `character_group_id` FROM `character_groups` WHERE `name` = 'Sigrunn')),
    (1, NULL, 2, 20, 1, (SELECT `character_group_id` FROM `character_groups` WHERE `name` = 'Jon')),
    (1, NULL, 2, 21, 1, (SELECT `character_group_id` FROM `character_groups` WHERE `name` = 'Sigrunn')),
    (1, NULL, 2, 22, 1, (SELECT `character_group_id` FROM `character_groups` WHERE `name` = 'Jon')),
    (1, NULL, 2, 23, 1, (SELECT `character_group_id` FROM `character_groups` WHERE `name` = 'Marit')),
    (1, NULL, 2, 24, 1, (SELECT `character_group_id` FROM `character_groups` WHERE `name` = 'Sigrunn')),
    (1, NULL, 2, 25, 1, (SELECT `character_group_id` FROM `character_groups` WHERE `name` = 'Marit')),
    (1, NULL, 2, 26, 1, (SELECT `character_group_id` FROM `character_groups` WHERE `name` = 'Sigrunn')),
    (1, NULL, 2, 27, 1, NULL),
    (1, NULL, 2, 28, 1, (SELECT `character_group_id` FROM `character_groups` WHERE `name` = 'Marit')),
    (1, NULL, 2, 29, 1, (SELECT `character_group_id` FROM `character_groups` WHERE `name` = 'Sigrunn')),
    (1, NULL, 2, 30, 2, NULL),
    (1, NULL, 2, 31, 1, (SELECT `character_group_id` FROM `character_groups` WHERE `name` = 'Sigrunn')),
    (1, NULL, 2, 32, 2, NULL),
    (1, NULL, 2, 33, 1, (SELECT `character_group_id` FROM `character_groups` WHERE `name` = 'Jente 1')),
    (1, NULL, 2, 34, 1, (SELECT `character_group_id` FROM `character_groups` WHERE `name` = 'Unge Marit')),
    (1, NULL, 2, 35, 3, NULL),
    (1, NULL, 2, 36, 1, (SELECT `character_group_id` FROM `character_groups` WHERE `name` = 'Jente 2')),
    (1, NULL, 2, 37, 1, (SELECT `character_group_id` FROM `character_groups` WHERE `name` = 'Jente 1 + 2')),
    (1, NULL, 2, 38, 1, (SELECT `character_group_id` FROM `character_groups` WHERE `name` = 'Unge Marit')),
    (1, NULL, 2, 39, 1, (SELECT `character_group_id` FROM `character_groups` WHERE `name` = 'Jente 1 + 2')),
    (1, NULL, 2, 40, 2, NULL),
    (1, NULL, 2, 41, 1, (SELECT `character_group_id` FROM `character_groups` WHERE `name` = 'Unge Marit'))
-- Scene 3
;

INSERT INTO `block_metadata` (`block_metadata_id`, `version_start`, `version_end`, `block_id`, `key`, `value`) VALUES
    (1, 1, NULL, 1, 'title', 'Åpning'),
    (2, 1, NULL, 1, 'tempo', '120'),
    (3, 1, NULL, 1, 'pdf', 'file.pdf')
;

INSERT INTO `paragraphs` (`version_start`, `version_end`, `block_id`, `order`) VALUES
-- Scene 1
    (1, NULL,  1, 1),
    (1, NULL,  2, 1),
    (1, NULL,  3, 1),
    (1, NULL,  3, 2),
    (1, NULL,  4, 1),
    (1, NULL,  5, 1),
    (1, NULL,  6, 1),
    (1, NULL,  7, 2),
    (1, NULL,  8, 1),
-- Scene 2
    (1, NULL,  9, 3),
    (1, NULL, 10, 1),
    (1, NULL, 11, 1),
    (1, NULL, 12, 1),
    (1, NULL, 13, 2),
    (1, NULL, 14, 1),
    (1, NULL, 15, 1),
    (1, NULL, 16, 1),
    (1, NULL, 17, 1),
    (1, NULL, 18, 1),
    (1, NULL, 19, 1),
    (1, NULL, 20, 1),
    (1, NULL, 21, 1),
    (1, NULL, 22, 1),
    (1, NULL, 23, 1),
    (1, NULL, 24, 1),
    (1, NULL, 25, 1),
    (1, NULL, 26, 1),
    (1, NULL, 27, 1),
    (1, NULL, 28, 1),
    (1, NULL, 29, 1),
    (1, NULL, 30, 1),
    (1, NULL, 31, 1),
    (1, NULL, 32, 1),
    (1, NULL, 33, 1),
    (1, NULL, 34, 1),
    (1, NULL, 35, 1),
    (1, NULL, 36, 1),
    (1, NULL, 37, 1),
    (1, NULL, 38, 1),
    (1, NULL, 38, 2),
    (1, NULL, 38, 3),
    (1, NULL, 39, 1),
    (1, NULL, 40, 1),
    (1, NULL, 41, 1),
    (1, NULL, 42, 1),
    (1, NULL, 43, 1),
    (1, NULL, 44, 1),
    (1, NULL, 45, 1),
    (1, NULL, 46, 1),
    (1, NULL, 47, 1),
    (1, NULL, 48, 1),
    (1, NULL, 48, 2)
-- Scene 3
;

INSERT INTO `paragraph_texts` (`version_start`, `version_end`, `paragraph_id`, `order`, `text_id`) VALUES
-- Scene 1
    (1, NULL,  1, 1, (SELECT `text_id` FROM `texts` WHERE `text` LIKE 'Nicklas trigg%' LIMIT 1)),
    (1, NULL,  1, 2, (SELECT `text_id` FROM `texts` WHERE `text` LIKE 'Skuespillet s%' LIMIT 1)),
    (1, NULL,  2, 1, (SELECT `text_id` FROM `texts` WHERE `text` LIKE 'Barnedåp i Ma%' LIMIT 1)),
    (1, NULL,  3, 1, (SELECT `text_id` FROM `texts` WHERE `text` LIKE '"Marit" skal %' LIMIT 1)),
    (1, NULL,  4, 2, (SELECT `text_id` FROM `texts` WHERE `text` LIKE 'Den hellige M%' LIMIT 1)),
    (1, NULL,  5, 1, (SELECT `text_id` FROM `texts` WHERE `text` LIKE 'Sira Lars døp%' LIMIT 1)),
    (1, NULL,  6, 1, (SELECT `text_id` FROM `texts` WHERE `text` LIKE 'Jeg døper deg%' LIMIT 1)),
    (1, NULL,  7, 1, (SELECT `text_id` FROM `texts` WHERE `text` LIKE 'Amen.%' LIMIT 1)),
    (1, NULL,  8, 1, (SELECT `text_id` FROM `texts` WHERE `text` LIKE 'Gå med fred.%' LIMIT 1)),
    (1, NULL,  9, 1, (SELECT `text_id` FROM `texts` WHERE `text` LIKE 'Musikk mens %' LIMIT 1)),
-- Scene 2
    (1, NULL, 10, 1, (SELECT `text_id` FROM `texts` WHERE `text` LIKE 'Musikken fad%' LIMIT 1)),
    (1, NULL, 11, 1, (SELECT `text_id` FROM `texts` WHERE `text` LIKE 'Marit, vent!%' LIMIT 1)),
    (1, NULL, 12, 1, (SELECT `text_id` FROM `texts` WHERE `text` LIKE 'Du klarer ik%' LIMIT 1)),
    (1, NULL, 13, 1, (SELECT `text_id` FROM `texts` WHERE `text` LIKE 'Jo! Jeg er m%' LIMIT 1)),
    (1, NULL, 14, 1, (SELECT `text_id` FROM `texts` WHERE `text` LIKE 'Nei, det er %' LIMIT 1)),
    (1, NULL, 15, 1, (SELECT `text_id` FROM `texts` WHERE `text` LIKE 'Det er jeg v%' LIMIT 1)),
    (1, NULL, 16, 1, (SELECT `text_id` FROM `texts` WHERE `text` LIKE 'Vent, Jon! J%' LIMIT 1)),
    (1, NULL, 17, 1, (SELECT `text_id` FROM `texts` WHERE `text` LIKE 'Hva er det?%' LIMIT 1)),
    (1, NULL, 18, 1, (SELECT `text_id` FROM `texts` WHERE `text` LIKE 'Jon kommer n%' LIMIT 1)),
    (1, NULL, 19, 1, (SELECT `text_id` FROM `texts` WHERE `text` LIKE 'Jo, jeg tenk%' LIMIT 1)),
    (1, NULL, 20, 1, (SELECT `text_id` FROM `texts` WHERE `text` LIKE 'Det er er ikk%' LIMIT 1)),
    (1, NULL, 21, 1, (SELECT `text_id` FROM `texts` WHERE `text` LIKE 'Jeg juksa ikk%' LIMIT 1)),
    (1, NULL, 22, 1, (SELECT `text_id` FROM `texts` WHERE `text` LIKE 'Sigrunn får ø%' LIMIT 1)),
    (1, NULL, 23, 1, (SELECT `text_id` FROM `texts` WHERE `text` LIKE 'Marit, nå er %' LIMIT 1)),
    (1, NULL, 23, 2, (SELECT `text_id` FROM `texts` WHERE `text` LIKE 'Hei, Jon!%' LIMIT 1)),
    (1, NULL, 24, 1, (SELECT `text_id` FROM `texts` WHERE `text` LIKE 'Hei, Sigrunn.%' LIMIT 1)),
    (1, NULL, 25, 1, (SELECT `text_id` FROM `texts` WHERE `text` LIKE 'Du får komme %' LIMIT 1)),
    (1, NULL, 26, 1, (SELECT `text_id` FROM `texts` WHERE `text` LIKE 'Jada, jeg tar%' LIMIT 1)),
    (1, NULL, 27, 1, (SELECT `text_id` FROM `texts` WHERE `text` LIKE 'Vær forsiktig%' LIMIT 1)),
    (1, NULL, 28, 1, (SELECT `text_id` FROM `texts` WHERE `text` LIKE 'Hvorfor det?%' LIMIT 1)),
    (1, NULL, 29, 1, (SELECT `text_id` FROM `texts` WHERE `text` LIKE 'Fordi jeg s%' LIMIT 1)),
    (1, NULL, 30, 1, (SELECT `text_id` FROM `texts` WHERE `text` LIKE 'Ja, vel. Ha%' LIMIT 1)),
    (1, NULL, 31, 1, (SELECT `text_id` FROM `texts` WHERE `text` LIKE 'Hadet, Jon!%' LIMIT 1)),
    (1, NULL, 32, 1, (SELECT `text_id` FROM `texts` WHERE `text` LIKE 'Du, kom hit%' LIMIT 1)),
    (1, NULL, 33, 1, (SELECT `text_id` FROM `texts` WHERE `text` LIKE 'Men vi må j%' LIMIT 1)),
    (1, NULL, 34, 1, (SELECT `text_id` FROM `texts` WHERE `text` LIKE 'Selvfølgeli%' LIMIT 1)),
    (1, NULL, 35, 1, (SELECT `text_id` FROM `texts` WHERE `text` LIKE 'De setter s%' LIMIT 1)),
    (1, NULL, 36, 1, (SELECT `text_id` FROM `texts` WHERE `text` LIKE 'Natta, papp%' LIMIT 1)),
    (1, NULL, 37, 1, (SELECT `text_id` FROM `texts` WHERE `text` LIKE 'God natt, O%' LIMIT 1)),
    (1, NULL, 38, 1, (SELECT `text_id` FROM `texts` WHERE `text` LIKE 'Marit legge%' LIMIT 1)),
    (1, NULL, 39, 1, (SELECT `text_id` FROM `texts` WHERE `text` LIKE 'Min lille fugl med %' LIMIT 1)),
    (1, NULL, 39, 2, (SELECT `text_id` FROM `texts` WHERE `text` LIKE 'Hvil dine vinger i %' LIMIT 1)),
    (1, NULL, 39, 3, (SELECT `text_id` FROM `texts` WHERE `text` LIKE 'se, solen bukker ær%' LIMIT 1)),
    (1, NULL, 39, 4, (SELECT `text_id` FROM `texts` WHERE `text` LIKE 'og kysser dagen far%' LIMIT 1)),
    (1, NULL, 40, 1, (SELECT `text_id` FROM `texts` WHERE `text` LIKE 'Et stille vindpust %' LIMIT 1)),
    (1, NULL, 40, 2, (SELECT `text_id` FROM `texts` WHERE `text` LIKE 'og hvisker god natt%' LIMIT 1)),
    (1, NULL, 40, 3, (SELECT `text_id` FROM `texts` WHERE `text` LIKE 'Mens en tretopp kil%' LIMIT 1)),
    (1, NULL, 40, 4, (SELECT `text_id` FROM `texts` WHERE `text` LIKE 'som speiles i Marid%' LIMIT 1)),
    (1, NULL, 41, 1, (SELECT `text_id` FROM `texts` WHERE `text` LIKE 'Vær ikke redd for m%' LIMIT 1)),
    (1, NULL, 41, 2, (SELECT `text_id` FROM `texts` WHERE `text` LIKE 'for stjernene bærer%' LIMIT 1)),
    (1, NULL, 41, 3, (SELECT `text_id` FROM `texts` WHERE `text` LIKE 'gjennom porten til %' LIMIT 1)),
    (1, NULL, 41, 4, (SELECT `text_id` FROM `texts` WHERE `text` LIKE 'der er du fri, lill%' LIMIT 1)),
    (1, NULL, 42, 1, (SELECT `text_id` FROM `texts` WHERE `text` LIKE 'Sigrunn bærer %' LIMIT 1)),
    (1, NULL, 43, 1, (SELECT `text_id` FROM `texts` WHERE `text` LIKE 'Marit og Jon e%' LIMIT 1)),
    (1, NULL, 44, 1, (SELECT `text_id` FROM `texts` WHERE `text` LIKE 'Det er vi ikke%' LIMIT 1)),
    (1, NULL, 45, 1, (SELECT `text_id` FROM `texts` WHERE `text` LIKE 'Musikken forts%' LIMIT 1)),
    (1, NULL, 46, 1, (SELECT `text_id` FROM `texts` WHERE `text` LIKE 'Det er dere ve%' LIMIT 1)),
    (1, NULL, 47, 1, (SELECT `text_id` FROM `texts` WHERE `text` LIKE 'Kjærestepar, k%' LIMIT 1)),
    (1, NULL, 48, 1, (SELECT `text_id` FROM `texts` WHERE `text` LIKE 'Samma det, vel%' LIMIT 1)),
    (1, NULL, 49, 1, (SELECT `text_id` FROM `texts` WHERE `text` LIKE 'Hadet, Marit!%' LIMIT 1)),
    (1, NULL, 50, 1, (SELECT `text_id` FROM `texts` WHERE `text` LIKE 'Jentene løper %' LIMIT 1)),
    (1, NULL, 51, 1, (SELECT `text_id` FROM `texts` WHERE `text` LIKE 'Om litt vil du%' LIMIT 1)),
    (1, NULL, 51, 2, (SELECT `text_id` FROM `texts` WHERE `text` LIKE 'og spre vingen%' LIMIT 1)),
    (1, NULL, 51, 3, (SELECT `text_id` FROM `texts` WHERE `text` LIKE 'mot dagen som %' LIMIT 1)),
    (1, NULL, 51, 4, (SELECT `text_id` FROM `texts` WHERE `text` LIKE 'fly, lille fug%' LIMIT 1)),
    (1, NULL, 52, 1, (SELECT `text_id` FROM `texts` WHERE `text` LIKE 'Min lille fugl med hje%' LIMIT 1)),
    (1, NULL, 52, 2, (SELECT `text_id` FROM `texts` WHERE `text` LIKE 'Hvil dine vinger i kve%' LIMIT 1)),
    (1, NULL, 52, 3, (SELECT `text_id` FROM `texts` WHERE `text` LIKE 'se, solen bukker ærbød%' LIMIT 1)),
    (1, NULL, 52, 4, (SELECT `text_id` FROM `texts` WHERE `text` LIKE 'og kysser dagen farvel%' LIMIT 1))
-- Scene 3
;
